event_id,track_id,interaction_order,status,status_class,marker_label,x_mm,y_mm,z_mm
0,1706,1,SpikeReflection,reflection,scatter1,-690.014625,-0.207238,5.000000
0,1706,2,StepTooSmall,other,scatter2,-690.014625,-0.207238,5.000000
0,1707,1,SpikeReflection,reflection,scatter1,-689.920556,0.145303,5.000000
0,1707,2,StepTooSmall,other,scatter2,-689.920556,0.145303,5.000000
0,1708,1,SpikeReflection,reflection,scatter1,-689.406581,0.739816,5.000000
0,1708,2,StepTooSmall,other,scatter2,-689.406581,0.739816,5.000000
0,1709,1,SpikeReflection,reflection,scatter1,-659.977338,-30.000000,4.054587
0,1709,2,StepTooSmall,other,scatter2,-659.977338,-30.000000,4.054587
0,1710,1,SpikeReflection,reflection,scatter1,-690.118396,-0.275113,5.000000
0,1710,2,StepTooSmall,other,scatter2,-690.118396,-0.275113,5.000000
0,1711,1,SpikeReflection,reflection,scatter1,-690.051332,0.017879,5.000000
0,1711,2,StepTooSmall,other,scatter2,-690.051332,0.017879,5.000000
0,1712,1,SpikeReflection,reflection,scatter1,-690.197372,-0.364016,5.000000
0,1712,2,StepTooSmall,other,scatter2,-690.197372,-0.364016,5.000000
0,1713,1,SpikeReflection,reflection,scatter1,-690.072456,-0.161076,5.000000
0,1713,2,StepTooSmall,other,scatter2,-690.072456,-0.161076,5.000000
0,1714,1,SpikeReflection,reflection,scatter1,-689.157784,0.499047,5.000000
0,1714,2,StepTooSmall,other,scatter2,-689.157784,0.499047,5.000000
0,1715,1,SpikeReflection,reflection,scatter1,-694.853187,-3.963873,5.000000
0,1715,2,StepTooSmall,other,scatter2,-694.853187,-3.963873,5.000000
0,1716,1,SpikeReflection,reflection,scatter1,-687.992261,-2.369927,-5.000000
0,1716,2,StepTooSmall,other,scatter2,-687.992261,-2.369927,-5.000000
0,1717,1,FresnelReflection,reflection,scatter1,-700.000000,-0.177983,-2.166352
0,1718,1,SpikeReflection,reflection,scatter1,-691.553530,7.450534,5.000000
0,1718,2,StepTooSmall,other,scatter2,-691.553530,7.450534,5.000000
0,1719,1,Detection,termination,scatter1,-699.500000,19.695436,-0.291366
0,1720,1,SpikeReflection,reflection,scatter1,-690.433759,-0.135881,5.000000
0,1720,2,StepTooSmall,other,scatter2,-690.433759,-0.135881,5.000000
0,1721,1,SpikeReflection,reflection,scatter1,-692.472701,24.454364,-5.000000
0,1721,2,StepTooSmall,other,scatter2,-692.472701,24.454364,-5.000000
0,1722,1,SpikeReflection,reflection,scatter1,-690.635770,0.300616,5.000000
0,1722,2,StepTooSmall,other,scatter2,-690.635770,0.300616,5.000000
0,1723,1,SpikeReflection,reflection,scatter1,-690.061767,-0.162046,5.000000
0,1723,2,StepTooSmall,other,scatter2,-690.061767,-0.162046,5.000000
0,1724,1,SpikeReflection,reflection,scatter1,-689.785132,-0.017907,5.000000
0,1724,2,StepTooSmall,other,scatter2,-689.785132,-0.017907,5.000000
0,1725,1,SpikeReflection,reflection,scatter1,-678.505480,4.575535,-5.000000
0,1725,2,StepTooSmall,other,scatter2,-678.505480,4.575535,-5.000000
